category,sum(expense),(sum(expense) / 12)
Mortgage,24388.699999999993,2032.3916666666662
Misc. Expenses,23904.640000000003,1992.0533333333335
Groceries,15255.680000000008,1271.3066666666673
Shopping,14719.39999999999,1226.6166666666659
Education,11965.790000000003,997.1491666666669
Utilities,11189.529999999999,932.4608333333332
Dining Out,10746.05,895.5041666666666
Charity,8280,690
Transportation,6683.130000000002,556.9275000000001
Entertainment,3002.7599999999966,250.2299999999997
